ticker,nome,cnpj,setor,cod_cvm,tipo
2W E3,2W ECOBANK S.A. - EM RECUPERAÇĂO JUDICIAL,08.773.135/0001-00,Energia Elétrica,025224,acao
521 3,521 PARTICIPAÇOES S.A. - EM LIQUIDAÇĂO EXTRAJUDICIAL,01.547.749/0001-16,Adm. Part. - Energia Elétrica,016330,acao
524 3,524 PARTICIPAÇOES SA,01.851.771/0001-55,Adm. Part. - Sem Setor Principal,016284,acao
ACO 3,ACO VERDE DO BRASIL S.A,07.636.657/0001-99,Metalurgia e Siderurgia,026425,acao
AEGE3,AEGEA SANEAMENTO E PARTICIPAÇŐES S.A.,08.827.501/0001-58,Água e Gás,023396,acao
AFLU3,AFLUENTE TRANSMISSĂO DE ENERGIA ELETRICA S/A,10.338.320/0001-00,Energia Elétrica,022179,acao
AGRO3,AGROGALAXY PARTICIPAÇŐES S.A. - EM RECUPERAÇĂO JUDICIAL,21.240.146/0001-84,Comércio (Atacado e Varejo),025658,acao
ÁGUA3,ÁGUAS DE TERESINA SANEAMENTO SPE S.A.,27.157.474/0001-06,Água e Gás,025615,acao
ÁGUA3,ÁGUAS DO PARÁ A SPE S.A,61.067.901/0001-95,Água e Gás,027979,acao
ÁGUA3,ÁGUAS DO PARÁ B SPE S.A.,61.067.902/0001-30,Água e Gás,027960,acao
ÁGUA3,ÁGUAS DO PARÁ D SPE S.A.,61.067.904/0001-29,Água e Gás,027987,acao
ÁGUA3,ÁGUAS DO RIO 1 SPE S.A.,42.310.775/0001-03,Água e Gás,026735,acao
ÁGUA3,ÁGUAS DO RIO 4 SPE S.A.,42.644.220/0001-06,Água e Gás,026743,acao
ÁGUA3,ÁGUAS DO SERTAO S.A.,45.456.117/0001-12,Água e Gás,027359,acao
AGUA3,AGUAS GUARIROBA S.A.,04.089.570/0001-50,Água e Gás,023442,acao
ALAR3,ALARES INTERNET PARTICIPAÇŐES S/A,23.438.929/0001-00,Adm. Part. - Telecomunicaçőes,025194,acao
ALFA3,ALFA HOLDINGS S.A.,17.167.396/0001-69,Adm. Part. - Intermediaçăo Financeira,009954,acao
ALGA3,ALGAR TELECOM S/A,71.208.516/0001-74,Telecomunicaçőes,021032,acao
ALLI3,ALLIANÇA SAÚDE E PARTICIPAÇŐES S.A.,42.771.949/0001-35,Serviços Médicos,024058,acao
ALLI3,ALLIED TECNOLOGIA S.A.,20.247.322/0001-47,Comércio (Atacado e Varejo),025330,acao
ALLI3,ALLIED TECNOLOGIA S.A.,20.247.322/0001-47,Comércio (Atacado e Varejo),025330,acao
ALLO3,ALLOS S.A.,05.878.397/0001-32,Adm. Part. - Comércio (Atacado e Varejo),022357,acao
ALLO3,ALLOS S.A.,05.878.397/0001-32,Adm. Part. - Comércio (Atacado e Varejo),022357,acao
ALME3,ALMEIDA JUNIOR SHOPPING CENTERS S.A.,82.120.676/0001-83,Adm. Part. - Comércio (Atacado e Varejo),026395,acao
ALPA3,ALPARGATAS SA,61.079.117/0001-05,Tęxtil e Vestuário,010456,acao
ALPA3,ALPARGATAS SA,61.079.117/0001-05,Tęxtil e Vestuário,010456,acao
ALPH3,ALPHAVILLE S.A.,16.811.931/0001-00,Constr. e Decoraçăo,025275,acao
ALTH3,ALTHAIA S.A. INDÚSTRIA FARMACĘUTICA,48.344.725/0007-19,Farmacęutico e Higiene,027030,acao
ALUB3,ALUBAR METAIS E CABOS S.A.,08.262.121/0001-13,Metalurgia e Siderurgia,027430,acao
ALUP3,ALUPAR INVESTIMENTO S/A,08.364.948/0001-38,Adm. Part. - Energia Elétrica,021490,acao
ALVA3,ALVAREZ & MARSAL INVESTIMENTOS I S.A.,42.233.757/0001-75,Adm. Part. - Sem Setor Principal,026433,acao
AMBE3,AMBEV S.A.,07.526.557/0001-00,Bebidas e Fumo,023264,acao
AMBE3,AMBEV S.A.,07.526.557/0001-00,Bebidas e Fumo,023264,acao
AMBI3,AMBIPAR PARTICIPAÇŐES E EMPREENDIMENTOS S.A.,12.648.266/0001-24,Água e Gás,024961,acao
AMBI3,AMBIPAR PARTICIPAÇŐES E EMPREENDIMENTOS S.A.,12.648.266/0001-24,Água e Gás,024961,acao
AMER3,AMERICANAS S.A. - EM RECUPERAÇĂO JUDICIAL,00.776.574/0001-56,Comércio (Atacado e Varejo),020990,acao
AMER3,AMERICANAS S.A. - EM RECUPERAÇĂO JUDICIAL,00.776.574/0001-56,Comércio (Atacado e Varejo),020990,acao
AMPL3,AMPLA ENERGIA E SERVIÇOS S.A.,33.050.071/0001-58,Energia Elétrica,003050,acao
ANIM3,ANIMA HOLDING S/A,09.288.252/0001-32,Educaçăo,023248,acao
ARAN3,ARANDU INVESTIMENTOS S.A.,14.127.813/0001-51,Adm. Part. - Intermediaçăo Financeira,025887,acao
ARGO3,ARGO ENERGIA EMPREENDIMENTOS E PARTICIPAÇŐES S.A.,24.624.551/0001-94,Adm. Part. - Energia Elétrica,024120,acao
ARGO3,ARGO TRANSMISSĂO DE ENERGIA S.A.,24.624.490/0001-65,Energia Elétrica,024210,acao
ARGO3,ARGO V TRANSMISSAO DE ENERGIA S.A.,20.514.590/0001-88,Energia Elétrica,026662,acao
ARGO3,ARGO VI TRANSMISSAO DE ENERGIA S.A.,20.514.555/0001-69,Energia Elétrica,026670,acao
ARTE3,ARTERIS S.A.,02.919.555/0001-67,Serviços Transporte e Logística,019771,acao
ASA 3,ASA BRANCA HOLDING S.A.,09.359.927/0001-97,Adm. Part. - Energia Elétrica,026514,acao
ASSU3,ASSURUÁ 4 E 5 HOLDING ENERGIA S.A.,38.286.323/0001-66,Adm. Part. - Energia Elétrica,027545,acao
ATOM3,ATOM EDUCAÇĂO E EDITORA S.A.,23.994.857/0001-70,Educaçăo,027677,acao
AURA3,AURA ALMAS MINERAÇĂO S.A.,08.213.823/0001-07,Adm. Part. - Extraçăo Mineral,026590,acao
AURE3,AUREN ENERGIA S.A,28.594.234/0001-23,Energia Elétrica,026620,acao
AURE3,AUREN ENERGIA S.A,28.594.234/0001-23,Energia Elétrica,026620,acao
AURE3,AUREN OPERAÇŐES S.A.,00.194.724/0001-13,Adm. Part. - Energia Elétrica,026174,acao
AURE3,AUREN PARTICIPAÇŐES S.A.,37.663.076/0001-07,Energia Elétrica,025640,acao
AUTO3,AUTOMOB PARTICIPAÇŐES S.A.,35.654.688/0001-08,Serviços Transporte e Logística,027707,acao
AUTO3,AUTOPISTA FERNĂO DIAS SA,09.326.342/0001-70,Serviços Transporte e Logística,021989,acao
AUTO3,AUTOPISTA FLUMINENSE SA,09.324.949/0001-11,Serviços Transporte e Logística,022004,acao
AUTO3,AUTOPISTA LITORAL SUL,09.313.969/0001-97,Serviços Transporte e Logística,021997,acao
AUTO3,AUTOPISTA PLANALTO SUL SA,09.325.109/0001-73,Serviços Transporte e Logística,021970,acao
AUTO3,AUTOPISTA REGIS BITTENCOURT SA,09.336.431/0001-06,Serviços Transporte e Logística,021962,acao
AUZZ3,AUZZA SECURITIZADORA S. A.,27.956.690/0001-03,Securitizaçăo de Recebíveis,024333,acao
AXIA3,AXIA ENERGIA NORDESTE S.A.,33.541.368/0001-16,Energia Elétrica,003328,acao
AXIA3,AXIA ENERGIA NORTE S.A.,00.357.038/0001-16,Energia Elétrica,027472,acao
AXIA3,AXIA ENERGIA S.A.,00.001.180/0001-26,Adm. Part. - Energia Elétrica,002437,acao
AXIA3,AXIA ENERGIA SUL S.A.,02.016.507/0001-69,Energia Elétrica,027480,acao
AZEV3,AZEVEDO & TRAVASSOS ENERGIA S.A.,52.017.473/0001-03,Petróleo e Gás,027626,acao
AZEV3,AZEVEDO & TRAVASSOS SA,61.351.532/0001-68,Constr. e Decoraçăo,011975,acao
AZUL3,AZUL S.A.,09.305.994/0001-29,Adm. Part. - Serviços Transporte e Logística,024112,acao
AZZA3,AZZAS 2154 S.A.,16.590.234/0001-76,Tęxtil e Vestuário,022349,acao
B1003,B100 S.A.,52.270.350/0001-71,Intermediaçăo Financeira,027634,acao
BANC3,BANCO ABC BRASIL S/A,28.195.667/0001-06,Bancos,020958,acao
BANC3,BANCO BMG S/A,61.186.680/0001-74,Bancos,024600,acao
BANC3,BANCO BRADESCO S.A.,60.746.948/0001-12,Bancos,000906,acao
BANC3,BANCO BTG PACTUAL S/A,30.306.294/0001-45,Bancos,022616,acao
BANC3,BANCO DA AMAZÔNIA S.A.,04.902.979/0001-44,Bancos,000922,acao
BANC3,BANCO DAYCOVAL S.A.,62.232.889/0001-90,Bancos,020796,acao
BANC3,BANCO DO BRASIL S.A.,00.000.000/0001-91,Bancos,001023,acao
BANC3,BANCO DO ESTADO DE SERGIPE SA,13.009.717/0001-46,Bancos,001120,acao
BANC3,BANCO DO ESTADO DO PARÁ S/A.,04.913.711/0001-08,Bancos,001171,acao
BANC3,BANCO DO ESTADO DO RIO GRANDE DO SUL SA,92.702.067/0001-96,Bancos,001210,acao
BANC3,BANCO DO NORDESTE DO BRASIL SA,07.237.373/0001-20,Bancos,001228,acao
BANC3,BANCO MERCANTIL BRASIL SA,17.184.037/0001-10,Bancos,001325,acao
BANC3,BANCO MERCANTIL DE INVESTIMENTOS S.A.,34.169.557/0001-72,Bancos,001309,acao
BANC3,BANCO PINE S/A,62.144.175/0001-20,Bancos,020567,acao
BANC3,BANCO RCI BRASIL S.A.,62.307.848/0001-15,Bancos,021466,acao
BANC3,BANCO SANTANDER (BRASIL) S.A.,90.400.888/0001-42,Bancos,020532,acao
BANE3,BANESTES SA BANCO DO ESTADO DO ESPIRITO SANTO,28.127.603/0001-78,Bancos,001155,acao
BAUM3,BAUMER SA,61.374.161/0001-30,Metalurgia e Siderurgia,001562,acao
BB S3,BB SEGURIDADE PARTICIPAÇŐES S.A.,17.344.597/0001-94,Adm. Part. - Seguradoras e Corretoras,023159,acao
BBM 3,BBM LOGÍSTICA S.A.,01.107.327/0001-20,Serviços Transporte e Logística,024660,acao
BELÉ3,BELÉM TRANSMISSORA DE ENERGIA S.A.,26.845.702/0001-60,Energia Elétrica,024457,acao
BELO3,BELORA RDVC CITY DESENVOLVIMENTO IMOBILIÁRIO S.A.,52.805.925/0001-03,Constr. e Decoraçăo,027570,acao
BEMO3,BEMOBI MOBILE TECH S.A.,09.042.817/0001-05,Comunicaçăo e Informática,025500,acao
BETA3,BETAPART PARTICIPAÇŐES SA,02.762.124/0001-30,Adm. Part. - Crédito Imobiliário,017884,acao
BICI3,BICICLETAS MONARK SA,56.992.423/0001-90,Brinquedos e Lazer,001694,acao
BIOM3,BIOMA EDUCAÇĂO S.A.,45.987.245/0001-92,Adm. Part. - Educaçăo,000701,acao
BIOM3,BIOMM SA,04.752.991/0001-10,Farmacęutico e Higiene,019305,acao
BION3,BIONEXO S.A.,04.069.709/0001-02,Comunicaçăo e Informática,025925,acao
BLAU3,BLAU FARMACĘUTICA S.A.,58.430.828/0001-60,Farmacęutico e Higiene,024627,acao
BLAU3,BLAU FARMACĘUTICA S.A.,58.430.828/0001-60,Farmacęutico e Higiene,024627,acao
BLUE3,BLUEFIT ACADEMIAS DE GINÁSTICA E PARTICIPAÇŐES S.A,24.921.465/0001-43,Brinquedos e Lazer,026204,acao
BNDE3,BNDES PARTICIPAÇŐES S.A. - BNDESPAR,00.383.281/0001-09,Adm. Part. - Sem Setor Principal,016772,acao
BOA 3,BOA SAFRA SEMENTES S.A,10.807.374/0001-77,Alimentos,025704,acao
BOMB3,BOMBRIL S.A. - EM RECUPERAÇĂO JUDICIAL,50.564.053/0001-03,Farmacęutico e Higiene,012190,acao
BONA3,BONAIRE PARTICIPAÇŐES S.A.- EM LIQUIDAÇĂO,02.117.801/0001-67,Adm. Part. - Energia Elétrica,016560,acao
BORR3,BORRACHAS VIPAL S.A.,87.870.952/0001-44,Petroquímicos e Borracha,026980,acao
BR M3,BR MALLS PARTICIPAÇOES S.A.,06.977.745/0001-91,Adm. Part. - Comércio (Atacado e Varejo),019909,acao
BR M3,BR MALLS PARTICIPAÇOES S.A.,06.977.745/0001-91,Adm. Part. - Comércio (Atacado e Varejo),019909,acao
BRAD3,BRADESCO LEASING S.A. - ARRENDAMENTO MERCANTIL,47.509.120/0001-82,Arrendamento Mercantil,019640,acao
BRAD3,BRADESPAR S/A,03.847.461/0001-92,Adm. Part. - Extraçăo Mineral,018724,acao
BRAS3,BRASIL BIOFUELS S.A.,09.478.309/0001-66,Energia Elétrica,027375,acao
BRAS3,BRASIL TECNOLOGIA E PARTICIPAÇŐES S.A.,35.764.708/0001-01,Telecomunicaçőes,027499,acao
BRAS3,BRASKEM S.A.,42.150.391/0001-70,Petroquímicos e Borracha,004820,acao
BRAV3,BRAVA ENERGIA S.A.,12.091.809/0001-55,Petróleo e Gás,025291,acao
BRAV3,BRAVA ENERGIA S.A.,12.091.809/0001-55,Petróleo e Gás,025291,acao
BRB 3,BRB BANCO DE BRASILIA SA,00.000.208/0001-00,Bancos,014206,acao
BRBI3,BRBI BR PARTNERS S.A,10.739.356/0001-03,Adm. Part. - Bancos,025860,acao
BRF 3,BRF S.A.,01.838.723/0001-27,Adm. Part. - Alimentos,016292,acao
BRIS3,BRISANET SERVIÇOS DE TELECOMUNICAÇŐES S.A.,04.601.397/0001-28,Telecomunicaçőes,027693,acao
BRQ 3,BRQ SOLUÇŐES EM INFORMÁTICA S.A.,36.542.025/0001-64,Comunicaçăo e Informática,023817,acao
BRQ 3,BRQ SOLUÇŐES EM INFORMÁTICA S.A.,36.542.025/0001-64,Comunicaçăo e Informática,023817,acao
BRZ 3,BRZ EMPREENDIMENTOS E CONSTRUÇŐES S.A.,04.065.053/0001-41,Constr. e Decoraçăo,027391,acao
BTG 3,BTG PACTUAL COMMODITIES SERTRADING S.A.,04.626.426/0001-06,Comércio (Atacado e Varejo),027774,acao
C&A 3,C&A MODAS S.A.,45.242.914/0001-05,Tęxtil e Vestuário,024848,acao
CABI3,CABINDA PARTICIPAÇŐES SA,04.030.182/0001-02,Adm. Part. - Sem Setor Principal,019119,acao
CACH3,CACHOEIRA PAULISTA TRANSMISSORA DE ENERGIA SA,05.336.882/0001-84,Energia Elétrica,022683,acao
CACO3,CACONDE PARTICIPAÇŐES SA,04.031.213/0001-31,Adm. Part. - Sem Setor Principal,019135,acao
CAIA3,CAIANDA PARTICIPAÇŐES SA,04.038.763/0001-82,Adm. Part. - Sem Setor Principal,019097,acao
CAIX3,CAIXA ADM DIV PUB ESTADUAL SA,00.979.969/0001-56,Intermediaçăo Financeira,015717,acao
CAIX3,CAIXA SEGURIDADE PARTICIPAÇŐES S.A.,22.543.331/0001-00,Adm. Part. - Seguradoras e Corretoras,023795,acao
CAMB3,CAMBUCI SA,61.088.894/0001-08,Tęxtil e Vestuário,002100,acao
CAMI3,CAMIL ALIMENTOS S/A,64.904.295/0001-03,Alimentos,024228,acao
CAMI3,CAMINHOS DA SERRA GAUCHA S/A,47.815.827/0001-17,Serviços Transporte e Logística,027871,acao
CANT3,CANTU STORE S.A.,41.096.674/0001-19,Adm. Part. - Comércio (Atacado e Varejo),026646,acao
CAPI3,CAPITALPART PARTICIPAÇŐES SA,02.591.787/0001-39,Adm. Part. - Telecomunicaçőes,017493,acao
CARA3,CARAMURU ALIMENTOS S.A.,00.080.671/0001-00,Alimentos,026190,acao
CARB3,CARBOMIL SA MINER. E INDUSTRIA,07.253.321/0001-47,Extraçăo Mineral,014168,acao
CBO 3,CBO HOLDING S.A.,14.882.295/0001-81,Adm. Part. - Petróleo e Gás,023620,acao
CEL 3,CEL PARTICIPAÇŐES S.A. - CELPAR,02.201.787/0001-85,Adm. Part. - Educaçăo,016675,acao
CELE3,CELEO REDES TRANSMISSĂO DE ENERGIA S.A.,31.001.230/0001-07,Adm. Part. - Energia Elétrica,024597,acao
CEME3,CEMEPE INVESTIMENTOS SA,93.828.986/0001-73,Adm. Part. - Sem Setor Principal,013854,acao
CEMI3,CEMIG DISTRIBUIÇĂO S/A,06.981.180/0001-16,Energia Elétrica,020303,acao
CEMI3,CEMIG GERAÇĂO E TRANSMISSĂO S/A,06.981.176/0001-58,Energia Elétrica,020320,acao
CENT3,CENTRAIS ELETRICAS DE SANTA CATARINA S.A,83.878.892/0001-55,Energia Elétrica,002461,acao
CESP3,CESP - COMPANHIA ENERGÉTICA DE SĂO PAULO,60.933.603/0001-78,Energia Elétrica,002577,acao
CESP3,CESP - COMPANHIA ENERGÉTICA DE SĂO PAULO,60.933.603/0001-78,Energia Elétrica,002577,acao
CHIN3,CHINA THREE GORGES BRASIL ENERGIA S.A.,19.014.221/0001-47,Energia Elétrica,027103,acao
CIA 3,CIA CAT. DE ÁGUAS E SANEAMENTO - CASAN,82.508.433/0001-17,Água e Gás,016861,acao
CIA 3,CIA DE ELETRICIDADE DO ESTADO DA BAHIA - COELBA,15.139.629/0001-94,Energia Elétrica,014524,acao
CIA 3,CIA DE PARTICIPAÇŐES ALIANÇA DA BAHIA,01.938.783/0001-11,Adm. Part. - Sem Setor Principal,018708,acao
CIA 3,CIA DE PARTICIPAÇŐES ALIANÇA DA BAHIA,01.938.783/0001-11,Adm. Part. - Sem Setor Principal,018708,acao
CIA 3,CIA ENERG CEARA - COELCE,07.047.251/0001-70,Energia Elétrica,014869,acao
CIA 3,CIA ENERG MINAS GERAIS - CEMIG,17.155.730/0001-64,Energia Elétrica,002453,acao
CIA 3,CIA ENERGÉTICA DE PERNAMBUCO - CELPE,10.835.932/0001-08,Energia Elétrica,014362,acao
CIA 3,CIA ENERGÉTICA DO RIO GRANDE DO NORTE,08.324.196/0001-81,Energia Elétrica,018139,acao
CIA 3,CIA ESTADUAL DE ÁGUAS E ESGOTOS - CEDAE,33.352.394/0001-04,Água e Gás,016373,acao
CIA 3,CIA ESTADUAL DE DISTRIBUIÇĂO DE ENERGIA ELETRICA,08.467.115/0001-00,Energia Elétrica,020648,acao
CIA 3,CIA FERRO LIGAS BAHIA FERBASA,15.141.799/0001-03,Metalurgia e Siderurgia,003069,acao
CIA 3,CIA PIRATININGA DE FORÇA E LUZ,04.172.213/0001-51,Energia Elétrica,019275,acao
CIA 3,CIA RIOGRANDENSE DE SANEAMENTO,92.802.784/0001-90,Água e Gás,016748,acao
CIA 3,CIA SANEAMENTO BÁSICO ESTADO SĂO PAULO,43.776.517/0001-80,Água e Gás,014443,acao
CIA 3,CIA SANEAMENTO BÁSICO ESTADO SĂO PAULO,43.776.517/0001-80,Água e Gás,014443,acao
CIA 3,CIA SECURITIZADORA DE CRED. FIN. CARTŐES CONSIGNADOS II,35.522.178/0001-87,Securitizaçăo de Recebíveis,026107,acao
CIA 3,CIA SIDERURGICA NACIONAL,33.042.730/0001-04,Metalurgia e Siderurgia,004030,acao
CIA 3,CIA SIDERURGICA NACIONAL,33.042.730/0001-04,Metalurgia e Siderurgia,004030,acao
CIA 3,CIA TECIDOS SANTANENSE - EM RECUPERAÇĂO JUDICIAL,21.255.567/0001-89,Tęxtil e Vestuário,004081,acao
CIA.3,CIA. DE SANEAMENTO DO PARANÁ - SANEPAR,76.484.013/0001-45,Água e Gás,018627,acao
CIA.3,CIA. DISTRIB. DE GÁS DO RIO DE JANEIRO,33.938.119/0001-69,Água e Gás,016616,acao
CIEL3,CIELO S.A. - INSTITUIÇĂO DE PAGAMENTO,01.027.058/0001-91,Intermediaçăo Financeira,021733,acao
CLAR3,CLARO TELECOM PARTICIPAÇŐES S.A.,07.043.628/0001-13,Adm. Part. - Telecomunicaçőes,023531,acao
CLI 3,CLI SUL S.A.,43.514.079/0001-81,Serviços Transporte e Logística,027243,acao
CM H3,CM HOSPITALAR S.A,12.420.164/0001-57,Comércio (Atacado e Varejo),025682,acao
COGN3,COGNA EDUCAÇĂO S.A.,02.800.026/0001-40,Adm. Part. - Educaçăo,017973,acao
COME3,COMERC ENERGIA S.A.,25.369.840/0001-57,Energia Elétrica,026280,acao
COMP3,COMPANHIA  MELHORAMENTOS DE SĂO PAULO,60.730.348/0001-66,Papel e Celulose,003654,acao
COMP3,COMPANHIA BRASILEIRA DE ALUMINIO,61.409.892/0001-73,Extraçăo Mineral,025984,acao
COMP3,COMPANHIA BRASILEIRA DE DISTRIBUIÇĂO,47.508.411/0001-56,Comércio (Atacado e Varejo),014826,acao
COMP3,COMPANHIA BRASILEIRA DE DISTRIBUIÇĂO,47.508.411/0001-56,Comércio (Atacado e Varejo),014826,acao
COMP3,COMPANHIA BRASILEIRA DE EDUCAÇĂO E SISTEMA DE ENSINO S.A.,06.267.630/0001-03,Educaçăo,028002,acao
COMP3,COMPANHIA CELG DE PARTICIPAÇŐES - CELGPAR,08.560.444/0001-93,Adm. Part. - Energia Elétrica,021393,acao
COMP3,COMPANHIA DE ÁGUA E ESGOTO DO CEARÁ  - CAGECE,07.040.108/0001-57,Água e Gás,018546,acao
COMP3,COMPANHIA DE FIACAO E TECIDOS CEDRO E CACHOEIRA,17.245.234/0001-00,Tęxtil e Vestuário,003077,acao
COMP3,COMPANHIA DE GÁS DE MINAS GERAIS - GASMIG,22.261.473/0001-85,Água e Gás,025178,acao
COMP3,COMPANHIA DE SANEAMENTO DE MINAS GERAIS,17.281.106/0001-03,Água e Gás,019445,acao
COMP3,COMPANHIA DE SANEAMENTO DE MINAS GERAIS,17.281.106/0001-03,Água e Gás,019445,acao
COMP3,COMPANHIA DO METROPOLITANO DE SĂO PAULO - METRÔ,62.070.362/0001-06,Serviços Transporte e Logística,027065,acao
COMP3,COMPANHIA ENERGÉTICA DE BRASÍLIA - CEB,00.070.698/0001-11,Energia Elétrica,014451,acao
COMP3,COMPANHIA ENERGÉTICA JAGUARA,28.925.264/0001-75,Energia Elétrica,024422,acao
COMP3,COMPANHIA ENERGÉTICA MIRANDA,28.942.127/0001-49,Energia Elétrica,024430,acao
COMP3,COMPANHIA ENERGÉTICA SINOP S.A.,19.527.586/0001-75,Energia Elétrica,024155,acao
COMP3,COMPANHIA ESTADUAL DE GERAÇĂO DE ENERGIA ELÉTRICA - CEEE-G,39.881.421/0001-04,Energia Elétrica,027154,acao
COMP3,COMPANHIA INDUSTRIAL CATAGUASES,19.526.748/0001-50,Tęxtil e Vestuário,003395,acao
COMP3,COMPANHIA ITAUNENSE ENERGIA E PARTICIPAÇŐES,21.254.073/0001-80,Adm. Part. - Energia Elétrica,003450,acao
COMP3,COMPANHIA PARANAENSE DE ENERGIA COPEL,76.483.817/0001-20,Energia Elétrica,014311,acao
COMP3,COMPANHIA PARANAENSE DE ENERGIA COPEL,76.483.817/0001-20,Energia Elétrica,014311,acao
COMP3,COMPANHIA PAULISTA DE FORCA LUZ - CPFL,33.050.196/0001-88,Energia Elétrica,003824,acao
COMP3,COMPANHIA SECURITIZADORA DE CRÉDITOS FINANCEIROS CARTŐES CONSIGNADOS I,27.137.879/0001-74,Securitizaçăo de Recebíveis,024147,acao
COMP3,COMPANHIIA HABITASUL DE PARTICIPAÇŐES,87.762.563/0001-03,Adm. Part. - Crédito Imobiliário,003298,acao
CONC3,CONC RODOVIAS DO TIETĘ S.A.- EM RECUPERAÇĂO JUDICIAL,10.678.505/0001-63,Serviços Transporte e Logística,022721,acao
CONC3,CONC. DO AEROPORTO INTERNACIONAL DE GUARULHOS S.A.,15.578.569/0001-06,Serviços Transporte e Logística,023515,acao
CONC3,CONCEBRA - CONCESSIONARIA DAS RODOVIAS CENTRAIS DO BRASIL S.A.,18.572.225/0001-88,Serviços Transporte e Logística,023868,acao
CONC3,CONCESSĂO METROVIÁRIA DO RIO DE JANEIRO SA,10.324.624/0001-18,Serviços Transporte e Logística,022144,acao
CONC3,CONCESSIONARIA AUTO RAPOSO TAVARES SA-CART,10.531.501/0001-58,Serviços Transporte e Logística,022268,acao
CONC3,CONCESSIONARIA AUTO RAPOSO TAVARES SA-CART,10.531.501/0001-58,Serviços Transporte e Logística,022268,acao
CONC3,CONCESSIONARIA AUTO RAPOSO TAVARES SA-CART,10.531.501/0001-58,Serviços Transporte e Logística,022268,acao
CONC3,CONCESSIONARIA CATARINENSE DE RODOVIAS S.A.,36.763.716/0001-98,Adm. Part. - Serviços Transporte e Logística,026859,acao
CONC3,CONCESSIONÁRIA DA LINHA 4 DO METRÔ DE SĂO PAULO S.A.,07.682.638/0001-07,Adm. Part. - Serviços Transporte e Logística,027731,acao
CONC3,CONCESSIONÁRIA DA RODOVIA MG-050 S.A.,08.822.767/0001-08,Serviços Transporte e Logística,024104,acao
CONC3,CONCESSIONÁRIA DAS RODOVIAS AYRTON SENNA E CARVALHO PINTO S/A-ECOPISTAS,10.841.050/0001-55,Serviços Transporte e Logística,022411,acao
CONC3,CONCESSIONARIA DAS RODOVIAS DO LESTE MS S/A,48.851.242/0001-15,Serviços Transporte e Logística,027790,acao
CONC3,CONCESSIONÁRIA DAS RODOVIAS INTEGRADAS DO SUL S.A.,32.161.500/0001-00,Adm. Part. - Serviços Transporte e Logística,025356,acao
CONC3,CONCESSIONÁRIA DE RODOVIA SUL-MATOGROSSENSE S.A.,19.642.306/0001-70,Adm. Part. - Serviços Transporte e Logística,023833,acao
CONC3,CONCESSIONARIA DE RODOVIAS DO INTERIOR PAULISTA S/A,03.207.703/0001-83,Serviços Transporte e Logística,021849,acao
CONC3,CONCESSIONÁRIA DE RODOVIAS NOROESTE PAULISTA S.A,49.314.049/0001-08,Serviços Transporte e Logística,027464,acao
CONC3,CONCESSIONÁRIA DE RODOVIAS PRVIAS S.A.,59.196.897/0001-13,Adm. Part. - Serviços Transporte e Logística,027898,acao
CONC3,CONCESSIONÁRIA DO SISTEMA ANHANGUERA-BANDEIRANTES S.A.,02.451.848/0001-62,Serviços Transporte e Logística,020192,acao
CONC3,CONCESSIONÁRIA DO SISTEMA ANHANGUERA-BANDEIRANTES S.A.,02.451.848/0001-62,Serviços Transporte e Logística,020192,acao
CONC3,CONCESSIONÁRIA DO SISTEMA RODOVIÁRIO RIO-SĂO PAULO S.A.,44.319.688/0001-42,Adm. Part. - Serviços Transporte e Logística,027421,acao
CONC3,CONCESSIONARIA ECOVIAS DO ARAGUAIA S.A.,15.090.690/0001-94,Serviços Transporte e Logística,026638,acao
CONC3,CONCESSIONÁRIA ECOVIAS DO CERRADO S.A.,35.593.905/0001-05,Serviços Transporte e Logística,026581,acao
CONC3,CONCESSIONARIA ECOVIAS DOS IMIGRANTES SA,02.509.491/0001-26,Serviços Transporte e Logística,020397,acao
CONC3,CONCESSIONARIA PONTE RIO-NITERÓI S.A. - ECOPONTE,22.163.297/0001-49,Serviços Transporte e Logística,024139,acao
CONC3,CONCESSIONARIA RIO-TERESOPOLIS SA,00.938.574/0001-05,Serviços Transporte e Logística,019208,acao
CONC3,CONCESSIONARIA RIO-TERESOPOLIS SA,00.938.574/0001-05,Serviços Transporte e Logística,019208,acao
CONC3,CONCESSIONÁRIA RODOANEL NORTE SPE S.A.,50.399.553/0001-37,Adm. Part. - Serviços Transporte e Logística,027782,acao
CONC3,CONCESSIONÁRIA RODOVIAS DO CAFÉ SPE S.A.,51.742.485/0001-20,Serviços Transporte e Logística,027588,acao
CONC3,CONCESSIONÁRIA RODOVIAS DO SUL DE MINAS SPE S.A.,48.127.008/0001-40,Serviços Transporte e Logística,027596,acao
CONC3,CONCESSIONÁRIA RODOVIAS DO TRIÂNGULO SPE S.A.,48.127.012/0001-08,Serviços Transporte e Logística,027537,acao
CONC3,CONCESSIONÁRIA ROTA DAS BANDEIRAS S/A,10.647.979/0001-48,Serviços Transporte e Logística,022071,acao
CONC3,CONCESSIONARIA ROTA DE SANTA MARIA S.A,41.886.692/0001-02,Serviços Transporte e Logística,027294,acao
CONC3,CONCESSIONARIA ROTA DE SANTA MARIA S.A,41.886.692/0001-02,Serviços Transporte e Logística,027294,acao
CONC3,CONCESSIONÁRIA ROTA DO OESTE S.A.,19.521.322/0001-04,Serviços Transporte e Logística,023922,acao
CONC3,CONCESSIONÁRIA VIARIO S.A.,15.440.708/0001-30,Adm. Part. - Serviços Transporte e Logística,027405,acao
CONS3,CONSERVAS ODERICH SA,97.191.902/0001-94,Alimentos,004693,acao
CONS3,CONSTRUTORA ADOLPHO LINDENBERG S.A.,61.022.042/0001-18,Constr. e Decoraçăo,004723,acao
CONS3,CONSTRUTORA METROCASA S.A.,27.743.642/0001-37,Constr. e Decoraçăo,027340,acao
CONS3,CONSTRUTORA SULTEPA S.A. - EM RECUPERAÇĂO JUDICIAL,89.723.993/0001-33,Constr. e Decoraçăo,013030,acao
CONS3,CONSTRUTORA TENDA S/A,71.476.527/0001-35,Constr. e Decoraçăo,021148,acao
CONT3,CONTAX PARTICIPAÇŐES S.A. - EM RECUPERAÇĂO JUDICIAL,04.032.433/0001-80,Adm. Part. - Comunicaçăo e Informática,019100,acao
COPE3,COPEL DISTRIBUIÇĂO S.A.,04.368.898/0001-06,Energia Elétrica,026808,acao
COPE3,COPEL GERAÇĂO E TRANSMISSĂO S/A,04.370.282/0001-70,Energia Elétrica,024740,acao
CORP3,CORPÓREOS - SERVIÇOS TERAPĘUTICOS S.A.,08.845.676/0001-98,Serviços Médicos,027669,acao
CORR3,CORREDOR LOGÍSTICA E INFRAESTRUTURA S.A.,15.114.494/0001-02,Serviços Transporte e Logística,027260,acao
CPFL3,CPFL ENERGIA SA,02.429.144/0001-93,Adm. Part. - Energia Elétrica,018660,acao
CPFL3,CPFL ENERGIA SA,02.429.144/0001-93,Adm. Part. - Energia Elétrica,018660,acao
CPFL3,CPFL ENERGIAS RENOVÁVEIS S.A.,08.439.659/0001-50,Adm. Part. - Energia Elétrica,020540,acao
CPFL3,CPFL ENERGIAS RENOVÁVEIS S.A.,08.439.659/0001-50,Adm. Part. - Energia Elétrica,020540,acao
CPFL3,CPFL TRANSMISSĂO S.A.,92.715.812/0001-31,Energia Elétrica,003204,acao
CPFL3,CPFL TRANSMISSĂO S.A.,92.715.812/0001-31,Energia Elétrica,003204,acao
CPX 3,CPX DISTRIBUIDORA S.A.,10.158.356/0001-01,Comércio (Atacado e Varejo),027839,acao
CRUZ3,CRUZEIRO DO SUL EDUCACIONAL S.A.,62.984.091/0001-02,Educaçăo,025526,acao
CSN 3,CSN MINERAÇĂO S.A.,08.902.291/0001-15,Extraçăo Mineral,025585,acao
CSU 3,CSU DIGITAL S.A.,01.896.779/0001-38,Adm. Part. - Sem Setor Principal,020044,acao
CURY3,CURY CONSTRUTORA E INCORPORADORA S.A.,08.797.760/0001-83,Constr. e Decoraçăo,025100,acao
CVC 3,CVC BRASIL OPERADORA E AGĘNCIA DE VIAGENS SA,10.760.260/0001-19,Hospedagem e Turismo,023310,acao
CVC 3,CVC BRASIL OPERADORA E AGĘNCIA DE VIAGENS SA,10.760.260/0001-19,Hospedagem e Turismo,023310,acao
CVLB3,CVLB BRASIL S.A.,16.233.389/0001-55,Comércio (Atacado e Varejo),025542,acao
CYRE3,CYRELA BRAZIL REALTY S.A.EMPREEND E PART,73.178.600/0001-18,Constr. e Decoraçăo,014460,acao
D1003,D1000 VAREJO FARMA PARTICIPAÇŐES S.A.,12.108.897/0001-50,Comércio (Atacado e Varejo),025046,acao
DESK3,DESKTOP S.A,08.170.849/0001-15,Telecomunicaçőes,026026,acao
DESK3,DESKTOP S.A,08.170.849/0001-15,Telecomunicaçőes,026026,acao
DEXC3,DEXCO S.A.,97.837.181/0001-47,Constr. e Decoraçăo,021091,acao
DEXC3,DEXCO S.A.,97.837.181/0001-47,Constr. e Decoraçăo,021091,acao
DEXX3,DEXXOS PARTICIPAÇŐES S.A.,02.193.750/0001-52,Adm. Part. - Sem Setor Principal,016632,acao
DIAG3,DIAGNOSTICOS DA AMERICA SA,61.486.650/0001-83,Serviços Médicos,019623,acao
DIAG3,DIAGNOSTICOS DA AMERICA SA,61.486.650/0001-83,Serviços Médicos,019623,acao
DIBE3,DIBENS LEASING S.A.- ARREND. MERCANTIL,65.654.303/0001-73,Arrendamento Mercantil,014214,acao
DIME3,DIMED SA DISTRIBUIDORA DE MEDICAMENTOS,92.665.611/0001-77,Comércio (Atacado e Varejo),009342,acao
DIME3,DIMED SA DISTRIBUIDORA DE MEDICAMENTOS,92.665.611/0001-77,Comércio (Atacado e Varejo),009342,acao
DINA3,DINAMICA ENERGIA S/A,07.659.538/0001-51,Adm. Part. - Energia Elétrica,020052,acao
DIRE3,DIRECIONAL ENGENHARIA SA,16.614.075/0001-00,Constr. e Decoraçăo,021350,acao
DOHL3,DOHLER S.A.,84.683.408/0001-03,Tęxtil e Vestuário,005207,acao
DOTZ3,DOTZ S.A.,18.174.270/0001-84,Comunicaçăo e Informática,025836,acao
DTCO3,DTCOM - DIRECT TO COMPANY S.A.,03.303.999/0001-36,Telecomunicaçőes,018597,acao
DTCO3,DTCOM - DIRECT TO COMPANY S.A.,03.303.999/0001-36,Telecomunicaçőes,018597,acao
ECO03,ECO050 - CONCESSIONÁRIA DE RODOVIAS S.A.,19.208.022/0001-70,Serviços Transporte e Logística,023884,acao
ECO13,ECO101 CONCESSIONÁRIA DE RODOVIAS S.A.,15.484.093/0001-44,Serviços Transporte e Logística,023582,acao
ECOR3,ECORIOMINAS CONCESSIONÁRIA DE RODOVIAS S.A.,29.884.545/0001-90,Serviços Transporte e Logística,027456,acao
ECOR3,ECORODOVIAS CONCESSŐES E SERVIÇOS S/A,08.873.873/0001-10,Adm. Part. - Serviços Transporte e Logística,021903,acao
ECOR3,ECORODOVIAS INFRAESTRUTURA E LOGÍSTICA S.A.,04.149.454/0001-80,Serviços Transporte e Logística,019453,acao
ECOR3,ECORODOVIAS INFRAESTRUTURA E LOGÍSTICA S.A.,04.149.454/0001-80,Serviços Transporte e Logística,019453,acao
EDP 3,EDP ENERGIAS DO BRASIL S/A,03.983.431/0001-03,Energia Elétrica,019763,acao
EDP 3,EDP ENERGIAS DO BRASIL S/A,03.983.431/0001-03,Energia Elétrica,019763,acao
EDP 3,EDP ESPIRITO SANTO DISTRIBUIÇĂO DE ENERGIA S.A.,28.152.650/0001-71,Energia Elétrica,015342,acao
EDP 3,EDP SĂO PAULO DISTRIBUIÇĂO DE ENERGIA S.A.,02.302.100/0001-06,Energia Elétrica,016985,acao
EIXO3,EIXO SP CONCESSIONARIA DE RODOVIAS S.A.,36.146.575/0001-64,Serviços Transporte e Logística,026875,acao
ELDO3,ELDORADO BRASIL CELULOSE S.A.,07.401.436/0001-31,Papel e Celulose,022810,acao
ELEA3,ELEA DIGITAL INFRAESTRUTURA E REDES DE TELECOMUNICAÇŐES S.A.,35.980.592/0001-30,Comunicaçăo e Informática,026948,acao
ELEC3,ELECTRO AÇO ALTONA S/A,82.643.537/0001-34,Metalurgia e Siderurgia,005380,acao
ELEK3,ELEKTRO REDES S.A.,02.328.280/0001-97,Energia Elétrica,017485,acao
ELET3,ELETROPAULO METROP. ELET. SAO PAULO S.A.,61.695.227/0001-93,Energia Elétrica,014176,acao
ELET3,ELETROPAULO METROP. ELET. SAO PAULO S.A.,61.695.227/0001-93,Energia Elétrica,014176,acao
ELFA3,ELFA MEDICAMENTOS S.A.,09.053.134/0001-45,Serviços Médicos,025348,acao
EMAE3,EMAE - EMPRESA METROP.AGUAS ENERGIA S.A.,02.302.101/0001-42,Energia Elétrica,016993,acao
EMBP3,EMBPAR PARTICIPAÇŐES S/A,42.331.462/0001-31,Adm. Part. - Sem Setor Principal,015458,acao
EMCC3,EMCCAMP RESIDENCIAL S.A.,19.403.252/0001-90,Constr. e Decoraçăo,025909,acao
EMPR3,EMPREENDIMENTOS PAGUE MENOS SA,06.626.253/0001-51,Comércio (Atacado e Varejo),022608,acao
EMPR3,EMPREENDIMENTOS PAGUE MENOS SA,06.626.253/0001-51,Comércio (Atacado e Varejo),022608,acao
ENER3,ENERGISA MATO GROSSO DO SUL - DIST DE ENERGIA S.A.,15.413.826/0001-50,Energia Elétrica,005576,acao
ENER3,ENERGISA MATO GROSSO-DISTRIBUIDORA DE ENERGIA S/A,03.467.321/0001-99,Energia Elétrica,014605,acao
ENER3,ENERGISA MINAS RIO - DISTRIBUIDORA DE ENERGIA S/A,19.527.639/0001-58,Energia Elétrica,003271,acao
ENER3,ENERGISA PARAÍBA - DISTRIBUIDORA DE ENERGIA S/A,09.095.183/0001-40,Energia Elétrica,021938,acao
ENER3,ENERGISA SA,00.864.214/0001-06,Adm. Part. - Energia Elétrica,015253,acao
ENER3,ENERGISA SERGIPE - DISTRIBUIDORA DE ENERGIA S/A,13.017.462/0001-63,Energia Elétrica,018996,acao
ENER3,ENERGISA SUL-SUDESTE - DISTRIBUIDORA DE ENERGIA S.A.,07.282.377/0001-20,Energia Elétrica,024864,acao
ENER3,ENERGISA SUL-SUDESTE - DISTRIBUIDORA DE ENERGIA S.A.,07.282.377/0001-20,Energia Elétrica,024864,acao
ENER3,ENERGISA TRANSMISSĂO DE ENERGIA S.A.,28.201.130/0001-01,Adm. Part. - Energia Elétrica,024589,acao
ENEV3,ENEVA S.A.,04.423.567/0001-21,Energia Elétrica,021237,acao
ENGI3,ENGIE BRASIL ENERGIA S.A.,02.474.103/0001-19,Energia Elétrica,017329,acao
ENGI3,ENGIE BRASIL ENERGIA S.A.,02.474.103/0001-19,Energia Elétrica,017329,acao
ENGI3,ENGIE BRASIL ENERGIA S.A.,02.474.103/0001-19,Energia Elétrica,017329,acao
ENJO3,ENJOEI S.A.,16.922.038/0001-51,Comércio (Atacado e Varejo),025259,acao
ENTR3,ENTREVIAS CONCESSIONÁRIA DE RODOVIAS S.A.,26.664.057/0001-89,Serviços Transporte e Logística,024341,acao
ENVI3,ENVIRONMENTAL ESG PARTICIPAÇŐES S.A.,09.527.023/0001-23,Água e Gás,026271,acao
EPR 3,EPR IGUAÇU S.A.,58.056.046/0001-02,Serviços Transporte e Logística,027928,acao
EPR 3,EPR INFRAESTRUTURA PR S.A.,51.136.974/0001-38,Serviços Transporte e Logística,027715,acao
EPR 3,EPR LITORAL PIONEIRO S.A.,51.137.031/0001-20,Serviços Transporte e Logística,027723,acao
EPR 3,EPR VIA MINEIRA S.A.,55.231.969/0001-65,Serviços Transporte e Logística,027863,acao
EQUA3,EQUATORIAL GOIAS DISTRIBUIDORA DE ENERGIA S.A.,01.543.032/0001-04,Energia Elétrica,025577,acao
EQUA3,EQUATORIAL MARANHĂO DISTRIBUIDORA DE ENERGIA S.A.,06.272.793/0001-84,Energia Elétrica,016608,acao
EQUA3,EQUATORIAL PARÁ DISTRIBUIDORA DE ENERGIA S.A.,04.895.728/0001-80,Energia Elétrica,018309,acao
EQUA3,EQUATORIAL S.A.,03.220.438/0001-73,Energia Elétrica,020010,acao
EQUI3,EQUIPAV SANEAMENTO S.A.,15.385.166/0001-40,Água e Gás,027642,acao
ESSE3,ESSENTIA PCHS S.A.,07.802.794/0001-56,Energia Elétrica,026158,acao
ETER3,ETERNIT S.A.,61.092.037/0001-81,Constr. e Decoraçăo,005762,acao
EUCA3,EUCATEX S.A. INDUSTRIA E COMERCIO,56.643.018/0001-66,Constr. e Decoraçăo,005770,acao
EURO3,EUROFARMA LABORATÓRIOS S.A.,61.190.096/0001-92,Farmacęutico e Higiene,026700,acao
EURO3,EUROFARMA LABORATÓRIOS S.A.,61.190.096/0001-92,Farmacęutico e Higiene,026700,acao
EURO3,EUROFARMA LABORATÓRIOS S.A.,61.190.096/0001-92,Farmacęutico e Higiene,026700,acao
EVEN3,EVEN CONSTRUTORA E INCORPORADORA S/A,43.470.988/0001-65,Constr. e Decoraçăo,020524,acao
EXCE3,EXCELSIOR ALIMENTOS SA.,95.426.862/0001-97,Alimentos,001570,acao
EZ I3,EZ INC INCORPORAÇŐES S.A.,35.727.157/0001-06,Constr. e Decoraçăo,025380,acao
FARM3,FARMÁCIA E DROGARIA NISSEI S.A.,79.430.682/0001-22,Comércio (Atacado e Varejo),025429,acao
FERR3,FERREIRA GOMES ENERGIA S.A.,12.489.315/0001-23,Energia Elétrica,022977,acao
FERR3,FERROVIA CENTRO-ATLANTICA S.A.,00.924.429/0001-75,Serviços Transporte e Logística,015369,acao
FERR3,FERROVIA NORTE SUL S/A,09.257.877/0001-37,Serviços Transporte e Logística,021814,acao
FERT3,FERTILIZANTES HERINGER S.A.,22.266.175/0001-88,Petroquímicos e Borracha,020621,acao
FIAC3,FIACAO E TECELAGEM SAO JOSE S/A - EM RECUPERAÇĂO JUDICIAL,17.159.005/0001-64,Tęxtil e Vestuário,005983,acao
FICA3,FICA EMPREENDIMENTOS IMOBILIARIOS S.A.,07.820.907/0001-46,Constr. e Decoraçăo,020630,acao
FICT3,FICTOR ALIMENTOS S.A.,00.359.742/0001-08,Adm. Part. - Alimentos,015423,acao
FISI3,FISIA COMÉRCIO DE PRODUTOS ESPORTIVOS S.A.,59.546.515/0001-34,Comércio (Atacado e Varejo),027529,acao
FLEU3,FLEURY SA,60.840.055/0001-31,Serviços Médicos,021881,acao
FORP3,FORPART S.A. - EM LIQUIDAÇĂO,00.249.786/0001-85,Adm. Part. - Telecomunicaçőes,014796,acao
FOZ 3,FOZ DO RIO CLARO ENERGIA S.A.,07.823.262/0001-03,Adm. Part. - Energia Elétrica,026697,acao
FTL 3,FTL - FERROVIA TRANSNORDESTINA LOGÍSTICA S.A.,17.234.244/0001-31,Serviços Transporte e Logística,023370,acao
GAFI3,GAFISA SA,01.545.826/0001-07,Constr. e Decoraçăo,016101,acao
GAMA3,GAMA PARTICIPAÇŐES S.A.,02.796.775/0001-40,Adm. Part. - Sem Setor Principal,017965,acao
GENE3,GENERAL SHOPPING E OUTLETS DO BRASIL BRASIL S.A.,08.764.621/0001-53,Comércio (Atacado e Varejo),021008,acao
GENE3,GENERAL SHOPPING E OUTLETS DO BRASIL BRASIL S.A.,08.764.621/0001-53,Comércio (Atacado e Varejo),021008,acao
GERD3,GERDAU S.A.,33.611.500/0001-19,Metalurgia e Siderurgia,003980,acao
GIGA3,GIGA MAIS FIBRA TELECOMUNICAÇŐES S.A.,07.714.104/0001-07,Telecomunicaçőes,027502,acao
GPS 3,GPS PARTICIPAÇŐES E EMPREENDIMENTOS S/A,09.229.201/0001-30,Adm. Part. - Sem Setor Principal,025712,acao
GRAN3,GRANJA FARIA S.A.,81.616.807/0001-55,Alimentos,027219,acao
GRAZ3,GRAZZIOTIN SA,92.012.467/0001-70,Comércio (Atacado e Varejo),004537,acao
GREN3,GRENDENE SA,89.850.341/0001-60,Tęxtil e Vestuário,019615,acao
GRUP3,GRUPO CASAS BAHIA S.A.,33.041.260/0652-90,Comércio (Atacado e Varejo),006505,acao
GRUP3,GRUPO CASAS BAHIA S.A.,33.041.260/0652-90,Comércio (Atacado e Varejo),006505,acao
GRUP3,GRUPO FARTURA DE HORTIFRUT S.A.,04.972.092/0001-22,Comércio (Atacado e Varejo),026166,acao
GRUP3,GRUPO MATEUS S.A.,24.990.777/0001-09,Adm. Part. - Comércio (Atacado e Varejo),025186,acao
GRUP3,GRUPO MATEUS S.A.,24.990.777/0001-09,Adm. Part. - Comércio (Atacado e Varejo),025186,acao
GRUP3,GRUPO MULTILASER S.A.,59.717.553/0001-02,Comunicaçăo e Informática,026034,acao
GRUP3,GRUPO SALTA EDUCAÇĂO S.A.,17.765.891/0001-70,Adm. Part. - Educaçăo,027820,acao
GRUP3,GRUPO SBF S.A.,13.217.485/0001-11,Comércio (Atacado e Varejo),024694,acao
GRUP3,GRUPO TOKY S.A.,31.553.627/0001-01,Comércio (Atacado e Varejo),025461,acao
GSH 3,GSH CORP PARTICIPAÇŐES S.A.,08.397.078/0001-01,Serviços Médicos,026603,acao
GUAR3,GUARARAPES CONFECÇŐES SA,08.402.943/0001-52,Tęxtil e Vestuário,004669,acao
HAGA3,HAGA S.A. INDÚSTRIA E COMÉRCIO,30.540.991/0001-66,Metalurgia e Siderurgia,013366,acao
HAPV3,HAPVIDA PARTICIPAÇŐES E INVESTIMENTOS S.A.,05.197.443/0001-38,Serviços Médicos,024392,acao
HAPV3,HAPVIDA PARTICIPAÇŐES E INVESTIMENTOS S.A.,05.197.443/0001-38,Serviços Médicos,024392,acao
HAUS3,HAUSCENTER SA,56.444.250/0001-75,Adm. Part. - Sem Setor Principal,014850,acao
HBR 3,HBR REALTY EMPREENDIMENTOS IMOBILIÁRIOS S.A.,14.785.152/0001-51,Constr. e Decoraçăo,025402,acao
HELB3,HELBOR EMPREENDIMENTOS S/A,49.263.189/0001-02,Constr. e Decoraçăo,020877,acao
HÉLI3,HÉLIO VALGAS SOLAR PARTICIPAÇŐES S.A.,32.431.519/0001-10,Energia Elétrica,027332,acao
HERC3,HERCULES S/A - FABRICA DE TALHERES,92.749.225/0001-63,Metalurgia e Siderurgia,006629,acao
HIDR3,HIDROVIAS DO BRASIL S.A.,12.648.327/0001-53,Serviços Transporte e Logística,022675,acao
HIGH3,HIGHLINE BRASIL II INFRAESTRUTURA DE TELECOMUNICAÇŐES S.A.,27.902.165/0002-96,Telecomunicaçőes,027880,acao
HMOB3,HMOBI PARTICIPAÇŐES S.A,40.159.947/0001-64,Adm. Part. - Sem Setor Principal,025674,acao
HOLD3,HOLDING DO ARAGUAIA S.A.,18.903.785/0001-78,Serviços Transporte e Logística,026565,acao
HOSP3,HOSPITAL ANCHIETA S.A.,02.560.878/0001-07,Serviços Médicos,026468,acao
HOSP3,HOSPITAL CARE CALEDONIA S.A.,25.249.439/0001-83,Serviços Médicos,025771,acao
HOSP3,HOSPITAL MATER DEI S.A.,16.676.520/0001-59,Serviços Médicos,025690,acao
HOTE3,HOTEIS OTHON S.A. - EM RECUPERAÇĂO JUDICIAL,33.200.049/0001-47,Hospedagem e Turismo,006700,acao
HYPE3,HYPERA S/A,02.932.074/0001-91,Farmacęutico e Higiene,021431,acao
IFIN3,IFIN PARTICIPACOES S.A.,40.593.395/0001-06,Securitizaçăo de Recebíveis,026905,acao
IGUA3,IGUA SANEAMENTO S.A.,08.159.965/0001-33,Água e Gás,023175,acao
IGUA3,IGUATEMI EMPRESA DE SHOPPING CENTERS S/A,51.218.147/0001-93,Comércio (Atacado e Varejo),020494,acao
IGUA3,IGUATEMI S.A.,60.543.816/0001-93,Adm. Part. - Comércio (Atacado e Varejo),008672,acao
INBR3,INBRANDS SA,09.054.385/0001-44,Tęxtil e Vestuário,022560,acao
INC 3,INC EMPREENDIMENTOS IMOBILIÁRIOS S.A.,09.611.768/0001-76,Constr. e Decoraçăo,024279,acao
INFR3,INFRACOMMERCE CXAAS S.A.,38.456.921/0001-36,Comércio (Atacado e Varejo),025747,acao
INSP3,INSPIRALI EDUCAÇĂO S.A.,35.822.503/0001-27,Educaçăo,027251,acao
INTE3,INTELBRAS S.A. IND. DE TELECOMUNICAÇĂO ELETRÔNICA BRASILEIRA,82.901.000/0001-27,Comércio (Atacado e Varejo),025453,acao
INTE3,INTERNATIONAL MEAL COMPANY ALIMENTAÇĂO S.A.,17.314.329/0001-20,Alimentos,023574,acao
INVE3,INVESTCO S/A,00.644.907/0001-93,Energia Elétrica,018589,acao
INVE3,INVESTIMENTOS BEMGE S.A.,01.548.981/0001-79,Bancos,006041,acao
INVE3,INVESTIMENTOS E PARTICIP EM INFRA SA INVEPAR,03.758.318/0001-24,Adm. Part. - Serviços Transporte e Logística,018775,acao
INVE3,INVESTIMENTOS E PARTICIP EM INFRA SA INVEPAR,03.758.318/0001-24,Adm. Part. - Serviços Transporte e Logística,018775,acao
IRAN3,IRANI PAPEL E EMBALAGEM S.A.,92.791.243/0001-03,Embalagens,002429,acao
IRB 3,IRB - BRASIL RESSEGUROS S.A.,33.376.989/0001-91,Seguradoras e Corretoras,024180,acao
IRB 3,IRB - BRASIL RESSEGUROS S.A.,33.376.989/0001-91,Seguradoras e Corretoras,024180,acao
ISA 3,ISA ENERGIA BRASIL S.A.,02.998.611/0001-04,Energia Elétrica,018376,acao
ISA 3,ISA ENERGIA BRASIL S.A.,02.998.611/0001-04,Energia Elétrica,018376,acao
ITAÚ3,ITAÚ UNIBANCO HOLDING S.A.,60.872.504/0001-23,Bancos,019348,acao
ITAU3,ITAUSA S.A.,61.532.644/0001-15,Adm. Part. - Intermediaçăo Financeira,007617,acao
ITAU3,ITAUSA S.A.,61.532.644/0001-15,Adm. Part. - Intermediaçăo Financeira,007617,acao
J. M3,J. MACEDO S/A,14.998.371/0001-19,Alimentos,021156,acao
JBS 3,JBS SA,02.916.265/0001-60,Alimentos,020575,acao
JOAO3,JOAO FORTES ENGENHARIA SA - EM RECUPERAÇĂO JUDICIAL,33.035.536/0001-00,Constr. e Decoraçăo,007811,acao
JOSA3,JOSAPAR-JOAQUIM OLIVEIRA S.A. - PARTICIP,87.456.562/0001-22,Adm. Part. - Alimentos,013285,acao
JSL 3,JSL S.A.,52.548.435/0001-79,Serviços Transporte e Logística,022020,acao
JSL 3,JSL S.A.,52.548.435/0001-79,Serviços Transporte e Logística,022020,acao
K-IN3,K-INFRA RODOVIA DO AÇO S.A.,09.414.761/0001-64,Serviços Transporte e Logística,022446,acao
KALL3,KALLAS INCORPORAÇŐES E CONSTRUÇŐES S.A.,09.146.451/0001-06,Constr. e Decoraçăo,025798,acao
KALU3,KALUNGA S.A.,43.283.811/0001-50,Comércio (Atacado e Varejo),025631,acao
KARS3,KARSTEN SA,82.640.558/0001-04,Tęxtil e Vestuário,004146,acao
KEPL3,KEPLER WEBER SA,91.983.056/0001-69,Adm. Part. - Metalurgia e Siderurgia,007870,acao
KLAB3,KLABIN S.A.,89.637.490/0001-45,Papel e Celulose,012653,acao
KORA3,KORA SAÚDE PARTICIPAÇŐES S.A.,13.270.520/0001-66,Serviços Médicos,025879,acao
LABO3,LABORATÓRIO TEUTO BRASILEIRO S.A.,17.159.229/0001-76,Farmacęutico e Higiene,026182,acao
LAVV3,LAVVI EMPREENDIMENTOS IMOBILIÁRIOS S.A,26.462.693/0001-28,Constr. e Decoraçăo,025062,acao
LEAD3,LEADS CIA. SECURITIZADORA,21.414.457/0001-12,Securitizaçăo de Recebíveis,023558,acao
LET'3,LET'S RENT A CAR S.A.,00.873.894/0001-24,Serviços Transporte e Logística,027383,acao
LIGG3,LIGGA TELECOMUNICAÇŐES S.A.,04.368.865/0001-66,Telecomunicaçőes,027367,acao
LIGH3,LIGHT ENERGIA S.A.,01.917.818/0001-36,Energia Elétrica,023000,acao
LIGH3,LIGHT S.A. - EM RECUPERAÇĂO JUDICIAL,03.378.521/0001-75,Adm. Part. - Energia Elétrica,019879,acao
LIGH3,LIGHT SERVIÇOS DE ELETRICIDADE SA,60.444.437/0001-46,Energia Elétrica,008036,acao
LIGH3,LIGHT SERVIÇOS DE ELETRICIDADE SA,60.444.437/0001-46,Energia Elétrica,008036,acao
LINH3,LINHA AMARELA S.A.- LAMSA,00.974.211/0001-25,Serviços Transporte e Logística,024937,acao
LINH3,LINHAS DE MACAPÁ TRANSMISSORA DE ENERGIA S.A.,10.234.027/0001-00,Energia Elétrica,023680,acao
LINH3,LINHAS DE XINGU TRANSMISSORA DE ENERGIA S.A.,10.240.186/0001-00,Energia Elétrica,023671,acao
LITE3,LITEL PARTICIPACOES SA,00.743.065/0001-27,Adm. Part. - Extraçăo Mineral,015091,acao
LITE3,LITELA PARTICIPAÇŐES S.A. - EM LIQUIDAÇĂO,05.495.546/0001-84,Adm. Part. - Extraçăo Mineral,024759,acao
LIVE3,LIVETECH DA BAHIA INDÚSTRIA E COMÉRCIO S.A.,05.917.486/0001-40,Comércio (Atacado e Varejo),025895,acao
LM T3,LM TRANSPORTES INTERESTADUAIS SERVIÇOS E COMÉRCIO S.A.,00.389.481/0001-79,Adm. Part. - Serviços Transporte e Logística,024880,acao
LOCA3,LOCALIZA  FLEET S.A.,02.286.479/0001-08,Serviços Transporte e Logística,024813,acao
LOCA3,LOCALIZA RENT A CAR SA,16.670.085/0001-55,Serviços Transporte e Logística,019739,acao
LOCA3,LOCALIZA RENT A CAR SA,16.670.085/0001-55,Serviços Transporte e Logística,019739,acao
LOG 3,LOG COMMERCIAL PROPERTIES E PARTICIPAÇŐES,09.041.168/0001-10,Constr. e Decoraçăo,023272,acao
LOG-3,LOG-IN LOGISTICA INTERMODAL SA,42.278.291/0001-24,Serviços Transporte e Logística,020710,acao
LOJA3,LOJAS QUERO QUERO S.A.,96.418.264/0218-02,Comércio (Atacado e Varejo),025038,acao
LOJA3,LOJAS QUERO QUERO S.A.,96.418.264/0218-02,Comércio (Atacado e Varejo),025038,acao
LOJA3,LOJAS RENNER SA,92.754.738/0001-62,Comércio (Atacado e Varejo),008133,acao
LOJA3,LOJAS RENNER SA,92.754.738/0001-62,Comércio (Atacado e Varejo),008133,acao
LONG3,LONGDIS SA,02.338.534/0001-58,Adm. Part. - Sem Setor Principal,017434,acao
LUPO3,LUPO S.A.,43.948.405/0001-69,Comércio (Atacado e Varejo),026506,acao
LWSA3,LWSA S/A,02.351.877/0001-52,Comunicaçăo e Informática,024910,acao
M. D3,M. DIAS BRANCO SA IND E COM DE ALIMENTOS,07.206.816/0001-15,Alimentos,020338,acao
MADE3,MADERO INDÚSTRIA E COMÉRCIO S.A.,13.783.221/0004-78,Alimentos,026379,acao
MAES3,MAESTRO LOCADORA DE VEÍCULOS S.A.,08.795.211/0001-70,Serviços Transporte e Logística,023612,acao
MAES3,MAESTRO LOCADORA DE VEÍCULOS S.A.,08.795.211/0001-70,Serviços Transporte e Logística,023612,acao
MAGA3,MAGAZINE LUIZA SA,47.960.950/0001-21,Comércio (Atacado e Varejo),022470,acao
MANA3,MANAUS TRANSMISSORA DE ENERGIA S.A,09.584.854/0001-37,Energia Elétrica,026719,acao
MANG3,MANGELS INDUSTRIAL S.A.,61.065.298/0001-02,Adm. Part. - Metalurgia e Siderurgia,008397,acao
MANT3,MANTIQUEIRA HOLDING S.A.,46.568.486/0001-60,Adm. Part. - Energia Elétrica,027952,acao
MANU3,MANUFATURA DE  BRINQUEDOS ESTRELA SA,61.082.004/0001-50,Brinquedos e Lazer,008427,acao
MARF3,MARFRIG GLOBAL FOODS SA,03.853.896/0001-40,Alimentos,020788,acao
MARI3,MARINA DE IRACEMA PARK SA,07.334.600/0001-35,Hospedagem e Turismo,016268,acao
MARI3,MARISA LOJAS SA,61.189.288/0001-89,Comércio (Atacado e Varejo),022055,acao
MASS3,MASSA FALIDA DA BRASIL PHARMA SA,11.395.624/0001-71,Farmacęutico e Higiene,022500,acao
MASS3,MASSA FALIDA DA SA IND E COMERCIO CHAPECO,83.296.889/0001-23,Alimentos,010243,acao
MELI3,MELIUZ S.A.,14.110.585/0001-07,Comunicaçăo e Informática,025232,acao
MEND3,MENDES JUNIOR ENGENHARIA SA,17.162.082/0001-73,Constr. e Decoraçăo,004782,acao
META3,METALURGICA GERDAU SA,92.690.783/0001-09,Adm. Part. - Metalurgia e Siderurgia,008656,acao
META3,METALURGICA GERDAU SA,92.690.783/0001-09,Adm. Part. - Metalurgia e Siderurgia,008656,acao
META3,METANOR SA METANOL DO NE,16.234.171/0001-15,Petroquímicos e Borracha,008745,acao
METI3,METISA METALÚRGICA  TIMBOENSE SA,86.375.425/0001-09,Metalurgia e Siderurgia,008753,acao
MINE3,MINERVA S/A,67.620.377/0001-14,Alimentos,020931,acao
MINU3,MINUPAR PARTICIPACOES SA,90.076.886/0001-40,Adm. Part. - Alimentos,013765,acao
MITR3,MITRE REALTY EMPREENDIMENTOS E PARTICIPAÇŐES S.A.,07.882.930/0001-65,Constr. e Decoraçăo,024902,acao
MLOG3,MLOG S.A.,13.444.994/0001-87,Adm. Part. - Sem Setor Principal,022586,acao
MNLT3,MNLT S.A.,12.592.831/0001-89,Adm. Part. - Sem Setor Principal,026611,acao
MONT3,MONTE RODOVIAS S.A.,37.702.340/0001-74,Adm. Part. - Serviços Transporte e Logística,026328,acao
MOTI3,MOTIVA INFRAESTRUTURA DE MOBILIDADE S.A.,02.846.056/0001-97,Adm. Part. - Serviços Transporte e Logística,018821,acao
MOUR3,MOURA DUBEUX ENGENHARIA S/A,12.049.631/0001-84,Constr. e Decoraçăo,021067,acao
MOUR3,MOURA DUBEUX ENGENHARIA S/A,12.049.631/0001-84,Constr. e Decoraçăo,021067,acao
MOVI3,MOVIDA PARTICIPAÇŐES S.A.,21.314.559/0001-66,Serviços Transporte e Logística,023825,acao
MOVI3,MOVIDA PARTICIPAÇŐES S.A.,21.314.559/0001-66,Serviços Transporte e Logística,023825,acao
MPM 3,MPM CORPÓREOS S.A.,26.659.061/0001-59,Serviços Médicos,025445,acao
MRS 3,MRS LOGÍSTICA S/A,01.417.222/0001-77,Serviços Transporte e Logística,017949,acao
MRV 3,MRV ENGENHARIA E PARTICIPAÇŐES S/A,08.343.492/0001-20,Constr. e Decoraçăo,020915,acao
MULT3,MULTINER S/A,08.935.054/0001-50,Energia Elétrica,021520,acao
MUND3,MUNDIAL S.A - PRODUTOS DE CONSUMO,88.610.191/0001-54,Tęxtil e Vestuário,005312,acao
NATU3,NATURA COSMETICOS SA,71.673.990/0001-77,Farmacęutico e Higiene,019550,acao
NEOE3,NEOENERGIA S.A,01.083.200/0001-18,Adm. Part. - Energia Elétrica,015539,acao
NEOG3,NEOGRID PARTICIPACŐES S.A.,10.139.870/0001-08,Comunicaçăo e Informática,025399,acao
NEWT3,NEWTEL PARTICIPAÇŐES S.A. - EM LIQUIDAÇĂO,02.604.997/0001-14,Adm. Part. - Telecomunicaçőes,017540,acao
NORD3,NORDON INDUSTRIAS METALURGICAS S.A.,60.884.319/0001-59,Metalurgia e Siderurgia,009083,acao
NORT3,NORTE BRASIL TRANSMISSORA DE ENERGIA S.A.,09.625.321/0001-56,Energia Elétrica,024988,acao
NORT3,NORTE ENERGIA S.A,12.300.288/0001-07,Energia Elétrica,025097,acao
NOVA3,NOVA SOCIEDADE DE NAVEGAÇĂO S.A.,47.586.663/0001-01,Adm. Part. - Petróleo e Gás,027081,acao
NOVA3,NOVA TRANSPORTADORA DO SUDESTE S.A. - NTS,04.992.714/0001-84,Adm. Part. - Petróleo e Gás,024708,acao
OCEÂ3,OCEÂNICA ENGENHARIA E CONSULTORIA S.A.,29.980.141/0001-08,Adm. Part. - Petróleo e Gás,026956,acao
OCEA3,OCEANPACT SERVIÇOS MARÍTIMOS S.A.,09.114.805/0001-30,Petróleo e Gás,025534,acao
ODON3,ODONTOPREV S/A,58.119.199/0001-51,Serviços Médicos,020125,acao
OI S3,OI S.A. - EM RECUPERAÇĂO JUDICIAL,76.535.764/0001-43,Telecomunicaçőes,011312,acao
ONCO3,ONCOCLÍNICAS DO BRASIL SERVIÇOS MÉDICOS S.A.,12.104.241/0004-02,Serviços Médicos,026123,acao
ORAN3,ORANJEBTC S.A. - EDUCAÇĂO E INVESTIMENTO,59.693.110/0001-29,Educaçăo,027910,acao
ORIG3,ORIGEM ENERGIA S.A.,32.021.201/0001-61,Petróleo e Gás,027227,acao
ORIZ3,ORIZON MEIO AMBIENTE S.A.,03.279.285/0001-30,Água e Gás,027049,acao
ORIZ3,ORIZON VALORIZAÇĂO DE RESÍDUOS S.A.,11.421.994/0001-36,Água e Gás,025550,acao
ORIZ3,ORIZON VALORIZAÇĂO DE RESÍDUOS S.A.,11.421.994/0001-36,Água e Gás,025550,acao
OSX 3,OSX BRASIL S.A. - EM RECUPERAÇĂO JUDICIAL,09.112.685/0001-32,Adm. Part. - Sem Setor Principal,021342,acao
OURO3,OUROFINO S.A.,20.258.278/0001-70,Comércio (Atacado e Varejo),023507,acao
OZN 3,OZN HEALTH SPE S.A.,18.080.368/0001-72,Serviços Médicos,027901,acao
PACA3,PACAEMBU CONSTRUTORA S.A.,96.298.013/0001-68,Constr. e Decoraçăo,025143,acao
PADT3,PADTEC HOLDING S.A.,02.365.069/0001-44,Adm. Part. - Telecomunicaçőes,018414,acao
PANA3,PANATLANTICA SA,92.693.019/0001-89,Metalurgia e Siderurgia,000094,acao
PARA3,PARANA BANCO S.A.,14.388.334/0001-99,Bancos,020729,acao
PARA3,PARANAPANEMA S.A. - EM RECUPERAÇĂO JUDICIAL,60.398.369/0004-79,Metalurgia e Siderurgia,009393,acao
PARA3,PARANAPANEMA S.A. - EM RECUPERAÇĂO JUDICIAL,60.398.369/0004-79,Metalurgia e Siderurgia,009393,acao
PARC3,PARCOM PARTICIPACOES SA EM LIQUIDACAO,00.185.475/0001-08,Adm. Part. - Telecomunicaçőes,014680,acao
PARS3,PARSAN S.A.,44.854.238/0001-50,Água e Gás,027448,acao
PATR3,PATRIMAR ENGENHARIA S.A.,23.236.821/0001-27,Constr. e Decoraçăo,025305,acao
PBG 3,PBG S/A,83.475.913/0001-91,Constr. e Decoraçăo,013773,acao
PDG 3,PDG COMPANHIA SECURITIZADORA,09.538.973/0001-53,Securitizaçăo de Recebíveis,021644,acao
PET 3,PET CENTER COMÉRCIO E PARTICIPAÇŐES S.A.,18.328.118/0001-09,Comércio (Atacado e Varejo),025089,acao
PET 3,PET CENTER COMÉRCIO E PARTICIPAÇŐES S.A.,18.328.118/0001-09,Comércio (Atacado e Varejo),025089,acao
PETR3,PETRÓLEO BRASILEIRO  S.A.  - PETROBRAS,33.000.167/0001-01,Petróleo e Gás,009512,acao
PETR3,PETRÓLEO BRASILEIRO  S.A.  - PETROBRAS,33.000.167/0001-01,Petróleo e Gás,009512,acao
PETR3,PETROLEO LUB DO NORDESTE SA,07.275.159/0001-68,Petróleo e Gás,009520,acao
PETR3,PETRORECÔNCAVO S.A.,03.342.704/0001-30,Adm. Part. - Petróleo e Gás,025780,acao
PETT3,PETTENATI S.A. INDUSTRIA TEXTIL,88.613.658/0001-10,Tęxtil e Vestuário,009539,acao
PLAN3,PLANO & PLANO DESENVOLVIMENTO IMOBILIÁRIO S.A.,24.230.275/0001-80,Constr. e Decoraçăo,025070,acao
PLAT3,PLATĂO CAPITAL S.A.,49.703.913/0001-63,Adm. Part. - Energia Elétrica,027995,acao
POLP3,POLPAR S.A.,59.789.545/0001-71,Adm. Part. - Sem Setor Principal,013447,acao
PORT3,PORTO PONTA DO FELIX S/A,85.041.333/0001-11,Serviços Transporte e Logística,015407,acao
PORT3,PORTO SAÚDE PARTICIPAÇŐES S.A.,46.573.272/0001-81,Adm. Part. - Serviços médicos,027618,acao
PORT3,PORTO SEGURO SA,02.149.205/0001-69,Seguradoras e Corretoras,016659,acao
PORT3,PORTO SERVIÇO S.A,51.430.503/0001-38,Adm. Part. - Sem Setor Principal,027600,acao
PORT3,PORTO SUDESTE V.M. S.A.,18.494.485/0001-82,Adm. Part. - Serviços Transporte e Logística,023523,acao
PORT3,PORTUENSE FERRAGENS S/A,04.912.242/0001-02,Constr. e Decoraçăo,009717,acao
POSI3,POSITIVO TECNOLOGIA S.A.,81.243.735/0001-48,Comunicaçăo e Informática,020362,acao
PRIN3,PRINER SERVIÇOS INDUSTRIAIS S.A.,18.593.815/0001-97,Constr. e Decoraçăo,024236,acao
PRIN3,PRINER SERVIÇOS INDUSTRIAIS S.A.,18.593.815/0001-97,Constr. e Decoraçăo,024236,acao
PRIO3,PRIO FORTE S.A.,08.926.302/0001-05,Petróleo e Gás,027740,acao
PRIO3,PRIO S.A.,10.629.105/0001-68,Petróleo e Gás,022187,acao
PROD3,PRODUTORES ENERGET.DE MANSO S.A.- PROMAN,02.291.077/0001-93,Energia Elétrica,019232,acao
PROF3,PROFARMA DISTRIB PROD FARMACEUTICOS S.A.,45.453.214/0001-51,Comércio (Atacado e Varejo),020346,acao
PROL3,PROLAGOS S/A - CONC.DE SERVICOS PÚBLICOS DE ÁGUA E ESGOTO,02.382.073/0001-10,Água e Gás,023469,acao
PROM3,PROMPT PARTICIPAÇŐES S.A.,02.992.449/0001-09,Adm. Part. - Sem Setor Principal,018333,acao
QUAL3,QUALICORP CONSULTORIA E CORRETORA DE SEGUROS S.A.,11.992.680/0001-93,Seguradoras e Corretoras,022497,acao
QUAL3,QUALITY SOFTWARE S.A.,35.791.391/0001-94,Adm. Part. - Comunicaçăo e Informática,023302,acao
QUAN3,QUANTUM PARTICIPAÇŐES S.A,28.367.479/0001-18,Adm. Part. - Energia Elétrica,027855,acao
R/HO3,R/HOLDINGS S.A.,52.475.549/0001-36,Adm. Part. - Sem Setor Principal,027685,acao
RAIA3,RAIA DROGASIL S.A.,61.585.865/0001-51,Comércio (Atacado e Varejo),005258,acao
RAIA3,RAIA DROGASIL S.A.,61.585.865/0001-51,Comércio (Atacado e Varejo),005258,acao
RAÍZ3,RAÍZEN S.A.,33.453.598/0001-23,Comércio (Atacado e Varejo),025917,acao
REDE3,REDE D'OR SĂO LUIZ S.A.,06.047.087/0001-39,Serviços Médicos,024821,acao
REDE3,REDE ENERGIA PARTICIPAÇŐES S.A.,61.584.140/0001-49,Energia Elétrica,003190,acao
REFI3,REFINARIA DE PETRÓLEOS DE MANGUINHOS S.A. - EM RECUPERAÇĂO JUDICIAL,33.412.081/0001-96,Petróleo e Gás,009989,acao
REGE3,REGENERA RIO S.A.,10.319.900/0001-50,Água e Gás,026921,acao
RENO3,RENOVA ENERGIA S.A.,08.534.605/0001-74,Energia Elétrica,021636,acao
REVE3,REVEE MCO S.A.,52.810.883/0001-07,Adm. Part. - Intermediaçăo Financeira,027561,acao
REVE3,REVEE S.A.,52.841.191/0001-18,Adm. Part. - Brinquedos e Lazer,027650,acao
RGE 3,RGE SUL DISTRIBUIDORA DE ENERGIA S.A.,02.016.440/0001-62,Energia Elétrica,016527,acao
RIO 3,RIO ALTO ENERGIAS RENOVÁVEIS S.A. - EM RECUPERAÇĂO JUDICIAL,38.199.406/0001-18,Energia Elétrica,025720,acao
RIO 3,RIO PARANA ENERGIA S.A.,23.096.269/0001-19,Energia Elétrica,025623,acao
RIO 3,RIO PARANAPANEMA ENERGIA SA,02.998.301/0001-81,Energia Elétrica,018368,acao
RIO 3,RIO PARANAPANEMA ENERGIA SA,02.998.301/0001-81,Energia Elétrica,018368,acao
RIO+3,RIO+ SANEAMENTO BL 3 S.A.,42.292.007/0001-74,Água e Gás,027146,acao
RNI 3,RNI NEGÓCIOS IMOBILIÁRIOS S.A.,67.010.660/0001-24,Constr. e Decoraçăo,020451,acao
RODO3,RODOVIAS DAS COLINAS S.A.,03.025.305/0001-46,Serviços Transporte e Logística,023167,acao
RODO3,RODOVIAS DO BRASIL HOLDING S.A.,41.508.382/0001-46,Adm. Part. - Serviços Transporte e Logística,026352,acao
ROSS3,ROSSI RESIDENCIAL S.A. - EM RECUPERAÇĂO JUDICIAL,61.065.751/0001-80,Constr. e Decoraçăo,016306,acao
RUMO3,RUMO MALHA CENTRAL S.A.,33.572.408/0001-97,Serviços Transporte e Logística,026484,acao
RUMO3,RUMO MALHA NORTE S.A.,24.962.466/0001-36,Serviços Transporte e Logística,015300,acao
RUMO3,RUMO MALHA OESTE S.A.,39.115.514/0001-28,Serviços Transporte e Logística,017850,acao
RUMO3,RUMO MALHA PAULISTA S.A.,02.502.844/0001-66,Serviços Transporte e Logística,017930,acao
RUMO3,RUMO MALHA SUL S.A.,01.258.944/0001-26,Serviços Transporte e Logística,015709,acao
RUMO3,RUMO S.A.,02.387.241/0001-60,Adm. Part. - Serviços Transporte e Logística,017450,acao
RUMO3,RUMO S.A.,02.387.241/0001-60,Adm. Part. - Serviços Transporte e Logística,017450,acao
SANE3,SANEAMENTO DE GOIAS SA,01.616.929/0001-02,Água e Gás,019186,acao
SANS3,SANSUY SA INDÚSTRIA  DE PLASTICOS,14.807.945/0001-24,Petroquímicos e Borracha,012696,acao
SANT3,SANTA CATARINA PART INVEST SA,00.897.864/0001-58,Adm. Part. - Intermediaçăo Financeira,015199,acao
SANT3,SANTO ANTONIO ENERGIA S.A.,09.391.823/0001-60,Energia Elétrica,023388,acao
SANT3,SANTOS BRASIL PARTICIPAÇŐES S.A.,02.762.121/0001-04,Adm. Part. - Serviços Transporte e Logística,017892,acao
SANT3,SANTOS BRASIL PARTICIPAÇŐES S.A.,02.762.121/0001-04,Adm. Part. - Serviços Transporte e Logística,017892,acao
SAO 3,SAO CARLOS EMPREEND E PARTICIPACOES S.A.,29.780.061/0001-09,Adm. Part. - Sem Setor Principal,013781,acao
SAO 3,SAO CARLOS EMPREEND E PARTICIPACOES S.A.,29.780.061/0001-09,Adm. Part. - Sem Setor Principal,013781,acao
SĂO 3,SĂO PAULO TURISMO S.A.,62.002.886/0001-60,Adm. Part. - Hospedagem e Turismo,009415,acao
SARA3,SARAIVA LIVREIROS S.A. - FALIDA,60.500.139/0001-26,Comércio (Atacado e Varejo),010472,acao
SBF 3,SBF COMÉRCIO DE PRODUTOS ESPORTIVOS S.A.,06.347.409/0001-65,Comércio (Atacado e Varejo),025410,acao
SCHU3,SCHULZ SA,84.693.183/0001-68,Metalurgia e Siderurgia,014664,acao
SECM3,SECME - COMPANHIA SECURITIZADORA DE CRÉDITOS IMOBILIÁRIOS,07.119.838/0001-48,Securitizaçăo de Recebíveis,019720,acao
SECM3,SECME - COMPANHIA SECURITIZADORA DE CRÉDITOS IMOBILIÁRIOS,07.119.838/0001-48,Securitizaçăo de Recebíveis,019720,acao
SEIV3,SEIVA S.A. - FLORESTAS E INDÚSTRIAS,87.043.832/0001-73,Reflorestamento,010561,acao
SEND3,SENDAS DISTRIBUIDORA S.A.,06.057.223/0001-71,Comércio (Atacado e Varejo),025372,acao
SENI3,SENIOR SISTEMAS S.A.,80.680.093/0001-81,Comunicaçăo e Informática,026786,acao
SEQU3,SEQUOIA LOGÍSTICA E TRANSPORTES S.A.,01.599.101/0001-93,Serviços Transporte e Logística,025160,acao
SER 3,SER EDUCACIONAL S.A.,04.986.320/0001-13,Educaçăo,023221,acao
SERE3,SERENA ENERGIA S.A.,42.500.384/0001-51,Adm. Part. - Energia Elétrica,026441,acao
SERE3,SERENA GERAÇĂO S.A.,09.149.503/0001-06,Adm. Part. - Energia Elétrica,023426,acao
SIMP3,SIMPAR S.A.,07.415.333/0001-20,Serviços Transporte e Logística,025003,acao
SMAR3,SMARTFIT ESCOLA DE GINÁSTICA E DANÇA S.A.,07.594.978/0001-78,Brinquedos e Lazer,024260,acao
SMAR3,SMARTFIT ESCOLA DE GINÁSTICA E DANÇA S.A.,07.594.978/0001-78,Brinquedos e Lazer,024260,acao
SNB 3,SNB PARTICIPACOES SA,73.903.718/0001-61,Adm. Part. - Comércio (Atacado e Varejo),014303,acao
SOCI3,SOCIEDADE ABASTECIMENTO DE AGUA E SANEAMENTO SA,46.119.855/0001-37,Água e Gás,016241,acao
SOLA3,SOLAR BEBIDAS S.A.,41.052.420/0001-07,Bebidas e Fumo,027014,acao
SOLV3,SOLVI ESSENCIS AMBIENTAL S.A.,40.263.170/0001-83,Água e Gás,027073,acao
SOND3,SONDOTECNICA ENGENHARIA SOLOS S.A.,33.386.210/0001-19,Constr. e Decoraçăo,010880,acao
SPE 3,SPE NOVO NORTE AEROPORTOS S.A,48.710.127/0001-20,Adm. Part. - Serviços Transporte e Logística,027758,acao
SUDE3,SUDESTE SA,02.062.747/0001-08,Adm. Part. - Sem Setor Principal,016586,acao
SUL 3,SUL 116 PARTICIPAÇŐES S.A.,01.957.772/0001-89,Adm. Part. - Telecomunicaçőes,016438,acao
SUZA3,SUZANO HOLDING S.A.,60.651.809/0001-05,Adm. Part. - Papel e Celulose,009067,acao
SUZA3,SUZANO S.A.,16.404.287/0001-55,Papel e Celulose,013986,acao
T4F 3,T4F ENTRETENIMENTO SA,02.860.694/0001-62,Brinquedos e Lazer,022454,acao
TAPA3,TAPAJÓS TRANSMISSORA DE ENERGIA S.A.,27.967.244/0001-02,Energia Elétrica,024481,acao
TC S3,TC S.A.,26.345.998/0001-50,Comunicaçăo e Informática,026077,acao
TECB3,TECBLU - TECELAGEM BLUMENAU S/A.,08.424.178/0001-71,Tęxtil e Vestuário,011215,acao
TECH3,TECHNOS SA,09.295.063/0001-97,Comércio (Atacado e Varejo),022519,acao
TECI3,TECIDOS E ARMARINHOS MIGUEL BARTOLOMEU S.A.,17.359.233/0001-88,Comércio (Atacado e Varejo),026760,acao
TECN3,TECNISA S/A,08.065.557/0001-12,Constr. e Decoraçăo,020435,acao
TECN3,TECNISA S/A,08.065.557/0001-12,Constr. e Decoraçăo,020435,acao
TEGM3,TEGMA GESTĂO LOGÍSTICA SA,02.351.144/0001-18,Serviços Transporte e Logística,020800,acao
TEKA3,TEKA TECELAGEM KUEHNRICH SA - EM RECUPERAÇĂO JUDICIAL,82.636.986/0001-55,Tęxtil e Vestuário,011223,acao
TEKN3,TEKNO S.A. INDÚSTRIA E COMÉRCIO,33.467.572/0001-34,Adm. Part. - Metalurgia e Siderurgia,011231,acao
TELE3,TELEC. BRASILEIRAS S.A. - TELEBRÁS,00.336.701/0001-04,Telecomunicaçőes,011258,acao
TELE3,TELEFÔNICA BRASIL S.A.,02.558.157/0001-62,Telecomunicaçőes,017671,acao
TERM3,TERMELÉTRICA PERNAMBUCO III S.A.,10.502.676/0001-37,Energia Elétrica,023329,acao
TERP3,TERP GLBL BRASIL I PARTICIPAÇŐES S.A.,21.748.188/0001-20,Adm. Part. - Energia Elétrica,027804,acao
TĘXT3,TĘXTIL RENAUXVIEW S/A,82.982.075/0001-80,Tęxtil e Vestuário,007544,acao
TIGR3,TIGRE S.A. PARTICIPAÇŐES,84.684.455/0001-63,Constr. e Decoraçăo,026255,acao
TIM 3,TIM BRASIL SERVIÇOS E PARTICIPAÇŐES S.A.,02.600.854/0001-34,Telecomunicaçőes,027090,acao
TIM 3,TIM S.A.,02.421.421/0001-11,Telecomunicaçőes,024929,acao
TOTV3,TOTVS S.A,53.113.791/0001-22,Comunicaçăo e Informática,019992,acao
TPI 3,TPI - TRIUNFO PARTICIPACOES E INVESTIMENTOS S.A.,03.014.553/0001-91,Adm. Part. - Serviços Transporte e Logística,019330,acao
TRAC3,TRACK & FIELD CO S.A,59.418.806/0001-47,Tęxtil e Vestuário,025208,acao
TRAN3,TRANSBRASILIANA CONCESSIONÁRIA DE RODOVIA SA,09.074.183/0001-64,Serviços Transporte e Logística,022225,acao
TRAN3,TRANSMISSORA ALIANÇA DE ENERGIA ELÉTRICA S.A.,07.859.971/0001-30,Adm. Part. - Energia Elétrica,020257,acao
TRAN3,TRANSMISSORA ALIANÇA DE ENERGIA ELÉTRICA S.A.,07.859.971/0001-30,Adm. Part. - Energia Elétrica,020257,acao
TRAN3,TRANSMISSORA JOSÉ MARIA DE MACEDO DE ELETRICIDADE S.A.,21.728.083/0001-00,Energia Elétrica,026654,acao
TRAN3,TRANSNORDESTINA LOGISTICA SA,02.281.836/0001-37,Serviços Transporte e Logística,020443,acao
TRAV3,TRAVESSIA SECURITIZADORA DE CRÉDITOS FINANCEIROS S.A.,38.042.694/0001-00,Securitizaçăo de Recebíveis,025240,acao
TRAV3,TRAVESSIA SECURITIZADORA DE CRÉDITOS MERCANTIS VI S.A.,43.335.774/0001-86,Securitizaçăo de Recebíveis,026824,acao
TRAV3,TRAVESSIA SECURITIZADORA S.A.,26.609.050/0001-64,Securitizaçăo de Recebíveis,024082,acao
TRAV3,TRAVESSIA SECURITIZADORA S.A.,26.609.050/0001-64,Securitizaçăo de Recebíveis,024082,acao
TREV3,TREVISA  INVESTIMENTOS SA,92.660.570/0001-26,Adm. Part. - Sem Setor Principal,008192,acao
TRON3,TRONOX PIGMENTOS DO BRASIL S.A.,15.115.504/0001-24,Petroquímicos e Borracha,011398,acao
TUPI3,TUPI ENERGIAS RENOVÁVEIS S.A.,59.115.685/0001-64,Adm. Part. - Energia Elétrica,027944,acao
TUPY3,TUPY SA,84.683.374/0001-49,Metalurgia e Siderurgia,006343,acao
TURB3,TURBI COMPARTILHAMENTO DE VEÍCULOS S.A.,26.982.634/0001-80,Serviços Transporte e Logística,027197,acao
ULTR3,ULTRAPAR PARTICIPAÇŐES SA,33.256.439/0001-39,Adm. Part. - Petróleo e Gás,018465,acao
UNIĂ3,UNIĂO PET PARTICIPAÇŐES S.A.,53.153.938/0001-08,Comércio (Atacado e Varejo),027766,acao
UNIĂ3,UNIĂO QUÍMICA FARMACĘUTICA NACIONAL S.A.,60.665.981/0001-18,Farmacęutico e Higiene,026867,acao
UNIC3,UNICASA INDÚSTRIA DE MÓVEIS S.A.,90.441.460/0001-48,Constr. e Decoraçăo,022780,acao
UNID3,UNIDAS LOCAÇŐES E SERVIÇOS S.A.,75.609.123/0001-23,Serviços Transporte e Logística,023280,acao
UNID3,UNIDAS LOCADORA S.A.,45.736.131/0001-70,Serviços Transporte e Logística,027162,acao
UNIF3,UNIFIQUE TELECOMUNICAÇŐES S.A.,02.255.187/0001-08,Adm. Part. - Telecomunicaçőes,026050,acao
UNIP3,UNIPAR CARBOCLORO S.A.,33.958.695/0001-78,Petroquímicos e Borracha,011592,acao
UNIP3,UNIPAR CARBOCLORO S.A.,33.958.695/0001-78,Petroquímicos e Borracha,011592,acao
URBA3,URBA DESENVOLVIMENTO URBANO S.A.,10.571.175/0001-02,Constr. e Decoraçăo,025437,acao
USIN3,USINA TERMELÉTRICA PAMPA SUL S.A.,04.739.720/0001-24,Energia Elétrica,024945,acao
USIN3,USINAS SID DE MINAS GERAIS S.A.-USIMINAS,60.894.730/0001-05,Metalurgia e Siderurgia,014320,acao
USIN3,USINAS SID DE MINAS GERAIS S.A.-USIMINAS,60.894.730/0001-05,Metalurgia e Siderurgia,014320,acao
V. T3,V. TAL - REDE NEUTRA DE TELECOMUNICAÇŐES S.A.,02.041.460/0001-93,Telecomunicaçőes,027022,acao
VALE3,VALE S.A.,33.592.510/0001-54,Extraçăo Mineral,004170,acao
VALE3,VALE S.A.,33.592.510/0001-54,Extraçăo Mineral,004170,acao
VALI3,VALID SOLUÇŐES S.A.,33.113.309/0001-47,Comunicaçăo e Informática,020028,acao
VERO3,VERO S.A.,31.748.174/0001-60,Telecomunicaçőes,026409,acao
VEST3,VESTE SA ESTILO,49.669.856/0001-43,Adm. Part. - Comércio (Atacado e Varejo),021440,acao
VIA 3,VIA ARAUCÁRIA CONCESSIONÁRIA DE RODOVIAS S.A.,47.155.252/0001-53,Serviços Transporte e Logística,027936,acao
VIA 3,VIA BRASIL BR 163 CONCESSIONARIA DE RODOVIAS S.A.,44.067.725/0001-72,Serviços Transporte e Logística,026913,acao
VIAP3,VIAPAULISTA S.A.,28.019.100/0001-89,Serviços Transporte e Logística,025607,acao
VIAR3,VIARONDON CONCESSIONÁRIA DE RODOVIA SA,10.635.691/0001-53,Serviços Transporte e Logística,022543,acao
VIBR3,VIBRA ENERGIA S/A,34.274.233/0001-02,Comércio (Atacado e Varejo),024295,acao
VIBR3,VIBRA ENERGIA S/A,34.274.233/0001-02,Comércio (Atacado e Varejo),024295,acao
VITA3,VITAL ENGENHARIA AMBIENTAL S.A.,02.536.066/0001-26,Água e Gás,027510,acao
VITR3,VITRU EDUCAÇĂO S.A.,20.512.706/0001-40,Educaçăo,027057,acao
VIVA3,VIVARA PARTICIPAÇŐES S.A.,33.839.910/0001-11,Comércio (Atacado e Varejo),024805,acao
VIVE3,VIVER INCORPORADORA E CONSTRUTORA S.A,67.571.414/0001-41,Constr. e Decoraçăo,020702,acao
VIX 3,VIX LOGÍSTICA S/A,32.681.371/0001-72,Serviços Transporte e Logística,021202,acao
VIX 3,VIX LOGÍSTICA S/A,32.681.371/0001-72,Serviços Transporte e Logística,021202,acao
VOKE3,VOKE S.A.,04.212.396/0001-91,Adm. Part. - Comunicaçăo e Informática,027324,acao
VOTO3,VOTORANTIM CIMENTOS S.A.,01.637.895/0001-32,Constr. e Decoraçăo,027189,acao
VULC3,VULCABRAS S.A.,50.926.955/0001-42,Tęxtil e Vestuário,011762,acao
W2W 3,W2W E-COMMERCE DE VINHOS S.A.,09.813.204/0001-16,Comércio (Atacado e Varejo),025852,acao
WEST3,WESTWING COMÉRCIO VAREJISTA S.A.,14.776.142/0001-50,Comércio (Atacado e Varejo),025518,acao
WETZ3,WETZEL S.A.,84.683.671/0001-94,Metalurgia e Siderurgia,011991,acao
WIZ 3,WIZ CO PARTICIPAÇŐES E CORRETAGEM DE SEGUROS S.A.,42.278.473/0001-03,Seguradoras e Corretoras,023590,acao
WTC 3,WTC AMAZONAS SUITE HOTEL S.A.,01.319.044/0001-41,Hospedagem e Turismo,015741,acao
WTC 3,WTC RIO EMPREEND. E PARTICIPAÇŐES S.A.,01.989.044/0001-59,Hospedagem e Turismo,016551,acao
XX D3,XX DE NOVEMBRO INVESTIMENTOS E PARTICIPAÇŐES S.A,03.538.833/0001-07,Adm. Part. - Sem Setor Principal,020001,acao
YBYR3,YBYRA CAPITAL S.A,02.217.319/0001-07,Adm. Part. - Sem Setor Principal,016705,acao
YDUQ3,YDUQS PARTICIPACOES S.A.,08.807.432/0001-10,Adm. Part. - Educaçăo,021016,acao
YDUQ3,YDUQS PARTICIPACOES S.A.,08.807.432/0001-10,Adm. Part. - Educaçăo,021016,acao
YOU 3,YOU INC INCORPORADORA E PARTICIPAÇĂO S.A,11.284.204/0001-18,Constr. e Decoraçăo,023604,acao
ZAMP3,ZAMP S.A.,13.574.594/0001-96,Alimentos,024317,acao